{
    "timestamp": "2026-04-02T13:31:55.757395",
    "allocation": {
        "NIF100BEES.NS": 0.00123950056753689,
        "MID150BEES.NS": 0.10276049943246313,
        "GOLDBEES.NS": 0.6476,
        "LIQUIDBEES.NS": 0.24840000000000007
    },
    "regime": "Sideways Market",
    "performance": {
        "Return": 0.1661,
        "Volatility": 0.1181,
        "Sharpe": 0.8981,
        "CAGR": 0.1805,
        "MaxDrawdown": -0.1743,
        "CalmarRatio": 1.0359
    },
    "risk_score": 0.13
}