{
    "timestamp": "2026-03-11T22:29:45.570355",
    "allocation": {
        "NIF100BEES.NS": 0.028929474571508858,
        "MID150BEES.NS": 0.2830705254284912,
        "GOLDBEES.NS": 0.6441,
        "LIQUIDBEES.NS": 0.04389999999999994
    },
    "regime": "Sideways Market",
    "performance": {
        "Return": 0.2076,
        "Volatility": 0.1257,
        "Sharpe": 1.174,
        "CAGR": 0.2303,
        "MaxDrawdown": -0.1757,
        "CalmarRatio": 1.3109
    },
    "risk_score": 0.39
}