{
    "timestamp": "2026-03-29T20:32:14.505602",
    "allocation": {
        "NIF100BEES.NS": 0.016501650165016504,
        "MID150BEES.NS": 0.35203520352035206,
        "GOLDBEES.NS": 0.6314631463146315,
        "LIQUIDBEES.NS": 0.0
    },
    "regime": "Sideways Market",
    "performance": {
        "Return": 0.199,
        "Volatility": 0.1362,
        "Sharpe": 1.0207,
        "CAGR": 0.2196,
        "MaxDrawdown": -0.1975,
        "CalmarRatio": 1.1121
    },
    "risk_score": 0.56
}